,'BiAnt','TriQuaAnt','(Fa6)GN','(Ma3Ma','(Ma6Ma','(NNa3Ab','(NNa6Ab','(Ab4GNb','(Ab4GNb3','GlcNAcTriTetra','(GNb','(Ab4GNb2','(GNb2'
'(Ab4GNb2Ma3(Ab4GNb2Ma6)Mb4GNb4(Fa6)GN);Asn',0.1666666667,0,0.1666666667,0,0,0,0,0.3333333333,0,0,0,0.3333333333,0
'(Ab4GNb2Ma3(NNa3Ab4GNb2Ma6)Mb4GNb4(Fa6)GN);Asn',0.2,0,0.2,0,0,0.2,0,0.2,0,0,0,0.2,0
(NNa3Ab4GNb2Ma3(NNa3Ab4GNb2Ma6)Mb4GNb4(Fa6)GN);Asn',0,0,0.3333333333,0,0,0.6666666667,0,0,0,0,0,0,0
(Ab4GNb2(NNa3Ab4GNb4)Ma3(NNa3Ab4GNb2Ma6)Mb4GNb4(Fa6)GN);Asn',0,0.1666666667,0.1666666667,0,0,0.3333333333,0,0.1666666667,0,0,0,0.1666666667,0
(Ab4GNb2(Ab4GNb4)Ma3(NNa3Ab4GNb2(NNa3Ab4GNb6)Ma6)Mb4GNb4(Fa6)GN);Asn',0,0.1428571429,0.1428571429,0,0,0.2857142857,0,0.2857142857,0,0,0,0.1428571429,0
'(Ab4GNb2(NNa3Ab4GNb4)Ma3(NNa3Ab4GNb2(NNa3Ab4GNb6)Ma6)Mb4GNb4(Fa6)GN);Asn',0,0.1428571429,0.1428571429,0,0,0.4285714286,0,0.1428571429,0,0,0,0.1428571429,0
'(NNa3Ab4GNb2(NNa3Ab4GNb4)Ma3(NNa3Ab4GNb2(NNa3Ab4GNb6)Ma6)Mb4GNb4(Fa6)GN);Asn',0,0.1666666667,0.1666666667,0,0,0.6666666667,0,0,0,0,0,0,0
'(NNa3Ab4GNb2(NNa3Ab4GNb4)Ma3(NNa3Ab4GNb2(NNa3Ab4GNb3Ab4GNb6)Ma6)Mb4GNb4(Fa6)GN);Asn',0,0.1666666667,0.1666666667,0,0,0.6666666667,0,0,0,0,0,0,0
'(NNa3Ab4GNb2(NNa3Ab4GNb4)Ma3(NNa3Ab4GNb2(NNa3Ab4GNb3Ab4GNb3Ab4GNb6)Ma6)Mb4GNb4(Fa6)GN);Asn',0,0.1666666667,0.1666666667,0,0,0.6666666667,0,0,0,0,0,0,0
'(NNa3Ab4GNb2(NNa3Ab4GNb4)Ma3(NNa3Ab4GNb2Ma6)Mb4GNb4(Fa6)GN);Asn',0,0.2,0.2,0,0,0.6,0,0,0,0,0,0,0
'(Ma3(Ma6Ma2)Mb4GNb4GN);Asn',0,0,0,0.5,0.5,0,0,0,0,0,0,0,0
'(Ma3(Ma3(Ma6)Ma6)Mb4GNb4GN);Asn',0,0,0,1,0,0,0,0,0,0,0,0,0
'(Ma3(Ma3(Ma6)Ma6)Mb4GNb4(Fa6)GN);Asn',0,0,0.3333333333,0.6666666667,0,0,0,0,0,0,0,0,0
'(GNb2(Ab4GNb4)Ma3(Ab4GNb2Ma6)Mb4GNb4(Fa6)GN);Asn',0,0.1428571429,0.1428571429,0,0,0,0,0.2857142857,0,0,0.1428571429,0.1428571429,0.1428571429
'(Ab4GNb2(Ab4GNb4)Ma3(Ab4GNb2Ma6)Mb4GNb4(Fa6)GN);Asn',0,0.1428571429,0.1428571429,0,0,0,0,0.4285714286,0,0,0,0.2857142857,0
'(GNb2(Ab4GNb4)Ma3(Ab4GNb2(Ab4GNb6)Ma6)Mb4GNb4(Fa6)GN);Asn',0,0.125,0.125,0,0,0,0,0.375,0,0,0.125,0.125,0.125
'(Ab4GNb2(Ab4GNb4)Ma3(Ab4GNb2(Ab4GNb6)Ma6)Mb4GNb4(Fa6)GN);Asn',0,0.125,0.125,0,0,0,0,0.5,0,0,0,0.25,0
'(Ab4GNb2(Ab4GNb4)Ma3(Ab4GNb2(NNa3Ab4GNb6)Ma6)Mb4GNb4(Fa6)GN);Asn',0,0.125,0.125,0,0,0.125,0,0.375,0,0,0,0.25,0
'(Ab4GNb2(Ab4GNb4)Ma3(Ab4GNb2(Ab4GNb3Ab4GNb6)Ma6)Mb4GNb4(Fa6)GN);Asn',0,0.1111111111,0.1111111111,0,0,0,0,0.4444444444,0.1111111111,0,0,0.2222222222,0
'(Ab4GNb2(Ab4GNb4)Ma3(Ab4GNb2(NNa3Ab4GNb3Ab4GNb6)Ma6)Mb4GNb4(Fa6)GN);Asn',0,0.125,0.125,0,0,0.125,0,0.375,0,0,0,0.25,0
'(Ab4GNb2(Ab4GNb4)Ma3(Ab4GNb2(NNa3Ab4GNb3Ab4GNb3Ab4GNb6)Ma6)Mb4GNb4(Fa6)GN);Asn',0,0.125,0.125,0,0,0.125,0,0.375,0,0,0,0.25,0
'(GNb2Ma3(GNb2Ma6)Mb4GNb4(Fa6)GN);Asn',0,0,0.2,0,0,0,0,0,0,0,0.4,0,0.4
'(GNb2Ma3(GNb2(GNb6)Ma6)Mb4GNb4(Fa6)GN);Asn',0,0.1428571429,0.1428571429,0,0,0,0,0,0,0,0.4285714286,0,0.2857142857
'(GNb2(GNb4)Ma3(GNb2(GNb6)Ma6)Mb4GNb4(Fa6)GN);Asn',0,0.125,0.125,0,0,0,0,0,0,0,0.5,0,0.25
'(GNb2(GNb4)Ma3(GNb2(Ab4GNb6)Ma6)Mb4GNb4(Fa6)GN);Asn',0,0.125,0.125,0,0,0,0,0.125,0,0,0.375,0,0.25
'(GNb2(GNb4)Ma3(GNb2(NNa3Ab4GNb6)Ma6)Mb4GNb4(Fa6)GN);Asn',0,0.125,0.125,0,0,0.125,0,0,0,0,0.375,0,0.25
'(GNb2(GNb4)Ma3(NNa3Ab4GNb2(NNa3Ab4GNb6)Ma6)Mb4GNb4(Fa6)GN);Asn',0,0.1428571429,0.1428571429,0,0,0.2857142857,0,0,0,0,0.2857142857,0,0.1428571429
'(GNb2(NNa3Ab4GNb4)Ma3(NNa3Ab4GNb2(NNa3Ab4GNb6)Ma6)Mb4GNb4(Fa6)GN);Asn',0,0.1428571429,0.1428571429,0,0,0.4285714286,0,0,0,0,0.1428571429,0,0.1428571429
'(Ab4GNb2Ma3(Ma6)Mb4GNb4(Fa6)GN);Asn',0,0,0.3333333333,0,0,0,0,0.3333333333,0,0,0,0.3333333333,0
'(NNa3Ab4GNb2Ma3(Ma6)Mb4GNb4(Fa6)GN);Asn',0,0,0.5,0,0,0.5,0,0,0,0,0,0,0
'(NNa3Ab4GNb2(GNb4)Ma3(Ma6)Mb4GNb4(Fa6)GN);Asn',0,0,0.3333333333,0,0,0.3333333333,0,0,0,0,0.3333333333,0,0
'(NNa3Ab4GNb2(Ab4GNb4)Ma3(Ma6)Mb4GNb4(Fa6)GN);Asn',0.25,0,0.25,0,0,0.25,0,0.25,0,0,0,0,0
'(NNa3Ab4GNb2(NNa3Ab4GNb4)Ma3(Ma6)Mb4GNb4(Fa6)GN);Asn',0,0,0.3333333333,0,0,0.6666666667,0,0,0,0,0,0,0
'(NNa3Ab4GNb3Ab4GNb2(NNa3Ab4GNb4)Ma3(Ma6)Mb4GNb4(Fa6)GN);Asn',0,0,0.3333333333,0,0,0.6666666667,0,0,0,0,0,0,0
'(Ab4GNb2(NNa3Ab4GNb4)Ma3(NNa3Ab4GNb2(NNa3Ab4GNb3Ab4GNb6)Ma6)Mb4GNb4(Fa6)GN);Asn',0,0.1428571429,0.1428571429,0,0,0.4285714286,0,0.1428571429,0,0,0,0.1428571429,0
'(NNa3Ab4GNb2Ma3(NNa3Ab4GNb2Ma6)Mb4GNb4GN);Asn',0,0,0,0,0,1,0,0,0,0,0,0,0
'(NNa3Ab4GNb2Ma3(NNa3Ab4GNb2(Ab4GNb6)Ma6)Mb4GNb4GN);Asn',0,0.25,0,0,0,0.5,0,0.25,0,0,0,0,0
'(NNa3Ab4GNb2Ma3(NNa3Ab4GNb2(NNa3Ab4GNb6)Ma6)Mb4GNb4GN);Asn',0,0.25,0,0,0,0.75,0,0,0,0,0,0,0
'(Ab4GNb2(NNa3Ab4GNb4)Ma3(NNa3Ab4GNb2(NNa3Ab4GNb6)Ma6)Mb4GNb4GN);Asn',0,0.1666666667,0,0,0,0.5,0,0.1666666667,0,0,0,0.1666666667,0
'(NNa3Ab4GNb2(NNa3Ab4GNb4)Ma3(NNa3Ab4GNb2(NNa3Ab4GNb6)Ma6)Mb4GNb4GN);Asn',0,0.2,0,0,0,0.8,0,0,0,0,0,0,0
'(NNa3Ab4GNb2(NNa3Ab4GNb4)Ma3(NNa3Ab4GNb2(NNa3Ab4GNb3Ab4GNb6)Ma6)Mb4GNb4GN);Asn',0,0.2,0,0,0,0.8,0,0,0,0,0,0,0
'(NNa3Ab4GNb2(NNa3Ab4GNb4)Ma3(NNa3Ab4GNb2(NNa3Ab4GNb3Ab4GNb3Ab4GNb6)Ma6)Mb4GNb4GN);Asn',0,0.2,0,0,0,0.8,0,0,0,0,0,0,0
'(GNb2Ma3(GNb2(NNa3Ab4GNb6)Ma6)Mb4GNb4(Fa6)GN);Asn',0,0.1428571429,0.1428571429,0,0,0.1428571429,0,0,0,0,0.2857142857,0,0.2857142857
'(GNb2Ma3(NNa3Ab4GNb2Ma6)Mb4GNb4(Fa6)GN);Asn',0,0,0.25,0,0,0.25,0,0,0,0,0.25,0,0.25
'(GNb2(GNb4)Ma3(GNb2Ma6)Mb4GNb4(Fa6)GN);Asn',0,0.1428571429,0.1428571429,0,0,0,0,0,0,0,0.4285714286,0,0.2857142857
'(Ab4GNb2(Ab4GNb4)Ma3(NNa3Ab4GNb2Ma6)Mb4GNb4(Fa6)GN);Asn',0,0.1666666667,0.1666666667,0,0,0.1666666667,0,0.3333333333,0,0,0,0.1666666667,0
'(GNb2Ma3(GNb2Ma6)Mb4GNb4GN);Asn',0,0,0,0,0,0,0,0,0,0,0.5,0,0.5
'(GNb2Ma3(Ma6)Mb4GNb4GN);Asn',0,0,0,0,0,0,0,0,0,0,0.5,0,0.5
'(Ab4GNb2Ma3(GNb2Ma6)Mb4GNb4GN);Asn',0.2,0,0,0,0,0,0,0.2,0,0,0.2,0.2,0.2
'(Ab4GNb2Ma3(GNb2Ma6)Mb4GNb4(Fa6)GN);Asn',0.1666666667,0,0.1666666667,0,0,0,0,0.1666666667,0,0,0.1666666667,0.1666666667,0.1666666667
'(Ab4GNb2Ma3(Ab4GNb2Ma6)Mb4GNb4GN);Asn',0.2,0,0,0,0,0,0,0.4,0,0,0,0.4,0
'(NNa3Ab4GNb2Ma3(Ab4GNb2Ma6)Mb4GNb4(Fa6)GN);Asn',0.2,0,0.2,0,0,0.2,0,0.2,0,0,0,0.2,0
'(GNb2(GNb4)Ma3(Ab4GNb2(Ab4GNb6)Ma6)Mb4GNb4(Fa6)GN);Asn',0,0.125,0.125,0,0,0,0,0.25,0,0,0.25,0.125,0.125
'(GNb2(GNb4)Ma3(Ab4GNb2(NNa3Ab4GNb6)Ma6)Mb4GNb4(Fa6)GN);Asn',0,0.125,0.125,0,0,0.125,0,0.125,0,0,0.25,0.125,0.125
'(GNb2(Ab4GNb4)Ma3(NNa3Ab4GNb2(NNa3Ab4GNb6)Ma6)Mb4GNb4(Fa6)GN);Asn',0,0.1428571429,0.1428571429,0,0,0.2857142857,0,0.1428571429,0,0,0.1428571429,0,0.1428571429
'(GNb2Ma3(Ma6)Mb4GNb4(Fa6)GN);Asn',0,0,0.3333333333,0,0,0,0,0,0,0,0.3333333333,0,0.3333333333
'(GNb2Ma3(NNa3Ab4GNb2(NNa3Ab4GNb6)Ma6)Mb4GNb4(Fa6)GN);Asn',0,0.1666666667,0.1666666667,0,0,0.3333333333,0,0,0,0,0.1666666667,0,0.1666666667
'(NNa3Ab4GNb2Ma3(NNa3Ab4GNb2(NNa3Ab4GNb3Ab4GNb6)Ma6)Mb4GNb4(Fa6)GN);Asn',0,0.2,0.2,0,0,0.6,0,0,0,0,0,0,0
'(NNa3Ab4GNb2Ma3(NNa3Ab4GNb2(NNa3Ab4GNb3Ab4GNb3Ab4GNb6)Ma6)Mb4GNb4(Fa6)GN);Asn',0,0.2,0.2,0,0,0.6,0,0,0,0,0,0,0
'(Ab4GNb2Ma3(Ab4GNb2(Ab4GNb6)Ma6)Mb4GNb4(Fa6)GN);Asn',0,0.1428571429,0.1428571429,0,0,0,0,0.4285714286,0,0,0,0.2857142857,0
'(Ab4GNb2Ma3(Ab4GNb2(NNa3Ab4GNb6)Ma6)Mb4GNb4(Fa6)GN);Asn',0,0.1428571429,0.1428571429,0,0,0.1428571429,0,0.2857142857,0,0,0,0.2857142857,0
'(Ab4GNb2Ma3(NNa3Ab4GNb2(NNa3Ab4GNb6)Ma6)Mb4GNb4(Fa6)GN);Asn',0,0.1666666667,0.1666666667,0,0,0.3333333333,0,0.1666666667,0,0,0,0.1666666667,0
'(NNa3Ab4GNb2Ma3(NNa3Ab4GNb3Ab4GNb2Ma6)Mb4GNb4(Fa6)GN);Asn',0,0,0.3333333333,0,0,0.6666666667,0,0,0,0,0,0,0
'(GNb2Ma3(Ab4GNb2Ma6)Mb4GNb4(Fa6)GN);Asn',0.1666666667,0,0.1666666667,0,0,0,0,0.1666666667,0,0,0.1666666667,0.1666666667,0.1666666667
'(GNb2(GNb4)Ma3(Ab4GNb2Ma6)Mb4GNb4(Fa6)GN);Asn',0,0.1428571429,0.1428571429,0,0,0,0,0.1428571429,0,0,0.2857142857,0.1428571429,0.1428571429
'(Ab4GNb2(Ab4GNb4)Ma3(NNa3Ab4GNb2(NNa3Ab4GNb3Ab4GNb6)Ma6)Mb4GNb4(Fa6)GN);Asn',0,0.1428571429,0.1428571429,0,0,0.2857142857,0,0.2857142857,0,0,0,0.1428571429,0
'(Ab4GNb2(Ab4GNb4)Ma3(Ab4GNb2(Ab4GNb3Ab4GNb3Ab4GNb6)Ma6)Mb4GNb4(Fa6)GN);Asn',0,0.1111111111,0.1111111111,0,0,0,0,0.4444444444,0.1111111111,0,0,0.2222222222,0
'(Ab4GNb2(Ab4GNb4)Ma3(Ab4GNb2(Ab4GNb3Ab4GNb3Ab4GNb3Ab4GNb6)Ma6)Mb4GNb4(Fa6)GN);Asn',0,0.1111111111,0.1111111111,0,0,0,0,0.4444444444,0.1111111111,0,0,0.2222222222,0
'(Ab4GNb2(Ab4GNb4)Ma3(Ab4GNb2(NNa3Ab4GNb3Ab4GNb3Ab4GNb3Ab4GNb6)Ma6)Mb4GNb4(Fa6)GN);Asn',0,0.125,0.125,0,0,0.125,0,0.375,0,0,0,0.25,0
'(Ab4GNb2(Ab4GNb4)Ma3(Ab4GNb2(GNb3Ab4GNb6)Ma6)Mb4GNb4(Fa6)GN);Asn',0,0.125,0.125,0,0,0,0,0.375,0,0,0.125,0.25,0
'(Ab4GNb2Ma3(NNa6Ab4GNb2Ma6)Mb4GNb4(Fa6)GN);Asn',0.2,0,0.2,0,0,0,0.2,0.2,0,0,0,0.2,0
'(NNa6Ab4GNb2Ma3(NNa6Ab4GNb2Ma6)Mb4GNb4(Fa6)GN);Asn',0,0,0.3333333333,0,0,0,0.6666666667,0,0,0,0,0,0
'(Ab4GNb2(Ab4GNb4)Ma3(NNa6Ab4GNb2Ma6)Mb4GNb4(Fa6)GN);Asn',0,0.1666666667,0.1666666667,0,0,0,0.1666666667,0.3333333333,0,0,0,0.1666666667,0
'(Ab4GNb2(NNa6Ab4GNb4)Ma3(NNa6Ab4GNb2Ma6)Mb4GNb4(Fa6)GN);Asn',0,0.1666666667,0.1666666667,0,0,0,0.3333333333,0.1666666667,0,0,0,0.1666666667,0
'(Ab4GNb2(Ab4GNb4)Ma3(Ab4GNb2(NNa6Ab4GNb6)Ma6)Mb4GNb4(Fa6)GN);Asn',0,0.125,0.125,0,0,0,0.125,0.375,0,0,0,0.25,0
'(Ab4GNb2(Ab4GNb4)Ma3(NNa6Ab4GNb2(NNa6Ab4GNb6)Ma6)Mb4GNb4(Fa6)GN);Asn',0,0.1428571429,0.1428571429,0,0,0,0.2857142857,0.2857142857,0,0,0,0.1428571429,0
'(Ab4GNb2(NNa6Ab4GNb4)Ma3(NNa6Ab4GNb2(NNa6Ab4GNb6)Ma6)Mb4GNb4(Fa6)GN);Asn',0,0.1428571429,0.1428571429,0,0,0,0.4285714286,0.1428571429,0,0,0,0.1428571429,0
'(Ab4GNb2(NNa6Ab4GNb4)Ma3(NNa6Ab4GNb2(NNa6Ab4GNb3Ab4GNb6)Ma6)Mb4GNb4(Fa6)GN);Asn',0,0.1428571429,0.1428571429,0,0,0,0.4285714286,0.1428571429,0,0,0,0.1428571429,0
'(NNa3Ab4GNb2(NNa6Ab4GNb4)Ma3(NNa6Ab4GNb2(NNa6Ab4GNb3Ab4GNb6)Ma6)Mb4GNb4(Fa6)GN);Asn',0,0.1666666667,0.1666666667,0,0,0.1666666667,0.5,0,0,0,0,0,0
'(NNa3Ab4GNb2(NNa6Ab4GNb4)Ma3(NNa6Ab4GNb2(NNa6Ab4GNb3Ab4GNb3Ab4GNb6)Ma6)Mb4GNb4(Fa6)GN);Asn',0,0.1666666667,0.1666666667,0,0,0.1666666667,0.5,0,0,0,0,0,0
(Ab4GNb2(Ab4GNb4)Ma3(Ma6)Mb4GNb4(Fa6)GN);Asn',0.2,0,0.2,0,0,0,0,0.4,0,0,0,0.2,0
'(Ab4GNb2(NNa3Ab4GNb4)Ma3(Ma6)Mb4GNb4(Fa6)GN);Asn',0.2,0,0.2,0,0,0.2,0,0.2,0,0,0,0.2,0
'(Ab4GNb3Ab4GNb2(Ab4GNb4)Ma3(Ma6)Mb4GNb4(Fa6)GN);Asn',0.2,0,0.2,0,0,0,0,0.4,0.2,0,0,0,0
'(NNa3Ab4GNb3Ab4GNb2Ma3(Ma6)Mb4GNb4(Fa6)GN);Asn',0,0,0.5,0,0,0.5,0,0,0,0,0,0,0
(Ab4GNb2Ma3(NNa3Ab4GNb2(NNa3Ab4GNb3Ab4GNb6)Ma6)Mb4GNb4(Fa6)GN);Asn',0,0.1666666667,0.1666666667,0,0,0.3333333333,0,0.1666666667,0,0,0,0.1666666667,0
,0,1,1,0,0,2,0,1,,,,,