1, GlcNAc(b1-4)[Fuc(a1-6)]GlcNAc
2, Man(b1-4)GlcNAc(b1-4)GlcNAc
6.1, Man(a1-3)Man(b1-4)GlcNAc(b1-4)GlcNAc
6.2, Man(a1-6)Man(b1-4)GlcNAc(b1-4)GlcNAc
22, Man(a1-3)[Man(a1-6)]Man(b1-4)GlcNAc(b1-4)GlcNAc
21.1, Man(a1-3)Man(b1-4)GlcNAc(b1-4)[Fuc(a1-6)]GlcNAc
21.2, Man(a1-6)Man(b1-4)GlcNAc(b1-4)[Fuc(a1-6)]GlcNAc
5, Man(b1-4)GlcNAc(b1-4)[Fuc(a1-6)]GlcNAc
37, Man(a1-3)[Man(a1-6)]Man(b1-4)GlcNAc(b1-4)[Fuc(a1-6)]GlcNAc
40a, Man(a1-2)Man(a1-3)[Man(a1-6)]Man(b1-4)GlcNAc(b1-4)GlcNAc
40b.1, Man(a1-3)[Man(a1-3)Man(a1-6)]Man(b1-4)GlcNAc(b1-4)GlcNAc
40b.2, Man(a1-3)[Man(a1-6)Man(a1-6)]Man(b1-4)GlcNAc(b1-4)GlcNAc
40c.1, Man(a1-3)[Man(a1-3)Man(a1-6)]Man(b1-4)GlcNAc(b1-4)GlcNAc
40c.2, Man(a1-3)[Man(a1-6)Man(a1-6)]Man(b1-4)GlcNAc(b1-4)GlcNAc
54a.1, Man(a1-2)Man(a1-3)[Man(a1-3)Man(a1-6)]Man(b1-4)GlcNAc(b1-4)GlcNAc
54b.1, Man(a1-2)Man(a1-3)[Man(a1-3)Man(a1-6)]Man(b1-4)GlcNAc(b1-4)GlcNAc
54b.2, Man(a1-2)Man(a1-3)[Man(a1-6)Man(a1-6)]Man(b1-4)GlcNAc(b1-4)GlcNAc
54a.2, Man(a1-2)Man(a1-3)[Man(a1-6)Man(a1-6)]Man(b1-4)GlcNAc(b1-4)GlcNAc
54c, Man(a1-3)[Man(a1-6)[Man(a1-3)]Man(a1-6)]Man(b1-4)GlcNAc(b1-4)GlcNAc
3, Man(a1-2)Man(a1-3)[Man(a1-6)[Man(a1-3)]Man(a1-6)]Man(b1-4)GlcNAc(b1-4)GlcNAc
8a.2, Man(a1-2)Man(a1-3)[Man(a1-2)Man(a1-6)[Man(a1-3)]Man(a1-6)]Man(b1-4)GlcNAc(b1-4)GlcNAc
8a.1, Man(a1-2)Man(a1-3)[Man(a1-6)[Man(a1-2)Man(a1-3)]Man(a1-6)]Man(b1-4)GlcNAc(b1-4)GlcNAc
16a.1, Man(a1-2)Man(a1-2)Man(a1-3)[Man(a1-6)[Man(a1-2)Man(a1-3)]Man(a1-6)]Man(b1-4)GlcNAc(b1-4)GlcNAc
16a.2, Man(a1-2)Man(a1-2)Man(a1-3)[Man(a1-2)Man(a1-6)[Man(a1-3)]Man(a1-6)]Man(b1-4)GlcNAc(b1-4)GlcNAc
16b, Man(a1-2)Man(a1-3)[Man(a1-2)Man(a1-6)[Man(a1-2)Man(a1-3)]Man(a1-6)]Man(b1-4)GlcNAc(b1-4)GlcNAc
27, Man(a1-2)Man(a1-2)Man(a1-3)[Man(a1-2)Man(a1-6)[Man(a1-2)Man(a1-3)]Man(a1-6)]Man(b1-4)GlcNAc(b1-4)GlcNAc
35, GlcNAc(a1-2)Man(a1-2)Man(a1-2)Man(a1-3)[Man(a1-2)Man(a1-6)[Man(a1-2)Man(a1-3)]Man(a1-6)]Man(b1-4)GlcNAc(b1-4)GlcNAc
8b, Man(a1-3)[Man(a1-2)Man(a1-6)[Man(a1-2)Man(a1-3)]Man(a1-6)]Man(b1-4)GlcNAc(b1-4)GlcNAc
56b, Man(a1-3)[GlcNAc(b1-2)Man(a1-6)]Man(b1-4)GlcNAc(b1-4)[Fuc(a1-6)]GlcNAc
15, Man(a1-3)[NeuAc(a1-6)Gal(b1-4)GlcNAc(b1-2)Man(a1-6)]Man(b1-4)GlcNAc(b1-4)GlcNAc
10, Gal(b1-4)GlcNAc(b1-2)Man(a1-3)[Man(a1-6)[Man(a1-3)]Man(a1-6)]Man(b1-4)GlcNAc(b1-4)GlcNAc
18, Gal(b1-4)[Fuc(a1-?)]GlcNAc(b1-2)Man(a1-3)[Man(a1-6)[Man(a1-3)]Man(a1-6)]Man(b1-4)GlcNAc(b1-4)GlcNAc
9, NeuAc(a1-6)Gal(b1-4)GlcNAc(b1-2)Man(a1-3)[Man(a1-6)]Man(b1-4)GlcNAc(b1-4)GlcNAc
17a.1, NeuAc(a1-6)Gal(b1-4)GlcNAc(b1-2)Man(a1-3)[Man(a1-6)Man(a1-6)]Man(b1-4)GlcNAc(b1-4)GlcNAc
17a.2, NeuAc(a1-6)Gal(b1-4)GlcNAc(b1-2)Man(a1-3)[Man(a1-3)Man(a1-6)]Man(b1-4)GlcNAc(b1-4)GlcNAc
26a, NeuAc(a1-6)Gal(b1-4)GlcNAc(b1-2)Man(a1-3)[Man(a1-6)Man(a1-6)]Man(b1-4)GlcNAc(b1-4)[Fuc(a1-6)]GlcNAc
17b, NeuAc(a1-3)Gal(b1-4)GlcNAc(b1-2)Man(a1-3)[Man(a1-6)Man(a1-6)]Man(b1-4)GlcNAc(b1-4)GlcNAc
26b, NeuAc(a1-3)Gal(b1-4)GlcNAc(b1-2)Man(a1-3)[Man(a1-6)Man(a1-6)]Man(b1-4)GlcNAc(b1-4)[Fuc(a1-6)]GlcNAc
28b, NeuAc(a1-3)Gal(b1-4)GlcNAc(b1-2)Man(a1-3)[Man(a1-6)[Man(a1-3)]Man(a1-6)]Man(b1-4)GlcNAc(b1-4)GlcNAc
28a, NeuAc(a1-6)Gal(b1-4)GlcNAc(b1-2)Man(a1-3)[Man(a1-6)[Man(a1-3)]Man(a1-6)]Man(b1-4)GlcNAc(b1-4)GlcNAc
34, NeuAc(a1-6)Gal(b1-4)GlcNAc(b1-2)Man(a1-3)[Man(a1-6)[Man(a1-3)]Man(a1-6)]Man(b1-4)GlcNAc(b1-4)[Fuc(a1-6)]GlcNAc
7, GlcNAc(b1-2)Man(a1-3)[GlcNAc(b1-2)Man(a1-6)][GlcNAc(b1-4)]Man(b1-4)GlcNAc(b1-4)GlcNAc
14, GlcNAc(b1-2)Man(a1-3)[Gal(b1-4)GlcNAc(b1-2)Man(a1-6)][GlcNAc(b1-4)]Man(b1-4)GlcNAc(b1-4)GlcNAc
24, Gal(b1-4)GlcNAc(b1-2)Man(a1-3)[Gal(b1-4)GlcNAc(b1-2)Man(a1-6)][GlcNAc(b1-4)]Man(b1-4)GlcNAc(b1-4)GlcNAc
33a, Gal(b1-4)[Fuc(a1-?)]GlcNAc(b1-2)Man(a1-3)[Gal(b1-4)GlcNAc(b1-2)Man(a1-6)][GlcNAc(b1-4)]Man(b1-4)GlcNAc(b1-4)GlcNAc
39a, Gal(b1-4)[Fuc(a1-?)]GlcNAc(b1-2)Man(a1-3)[Gal(b1-4)[Fuc(a1-?)]GlcNAc(b1-2)Man(a1-6)][GlcNAc(b1-4)]Man(b1-4)GlcNAc(b1-4)GlcNAc
31b, Gal(b1-4)[Fuc(a1-?)]GlcNAc(b1-2)Man(a1-3)[Man(a1-3)[Man(a1-6)]Man(a1-6)][GlcNAc(b1-4)]Man(b1-4)GlcNAc(b1-4)GlcNAc
31a, Gal(b1-4)[Fuc(a1-?)]GlcNAc(b1-2)Man(a1-3)[Man(a1-2)Man(a1-3)Man(a1-6)][GlcNAc(b1-4)]Man(b1-4)GlcNAc(b1-4)GlcNAc
23, GlcNAc(b1-2)Man(a1-3)[Gal(b1-4)GlcNAc(b1-2)Man(a1-6)][GlcNAc(b1-4)]Man(b1-4)GlcNAc(b1-4)[Fuc(a1-6)]GlcNAc
33b, Gal(b1-4)GlcNAc(b1-2)Man(a1-3)[Gal(b1-4)GlcNAc(b1-2)Man(a1-6)][GlcNAc(b1-4)]Man(b1-4)GlcNAc(b1-4)[Fuc(a1-6)]GlcNAc
13, GlcNAc(b1-2)Man(a1-3)[GlcNAc(b1-2)Man(a1-6)][GlcNAc(b1-4)]Man(b1-4)GlcNAc(b1-4)[Fuc(a1-6)]GlcNAc
39b, Gal(b1-4)[Fuc(a1-?)]GlcNAc(b1-2)Man(a1-3)[Gal(b1-4)GlcNAc(b1-2)Man(a1-6)][GlcNAc(b1-4)]Man(b1-4)GlcNAc(b1-4)[Fuc(a1-6)]GlcNAc
47, Gal(b1-4)[Fuc(a1-?)]GlcNAc(b1-2)Man(a1-3)[Gal(b1-4)[Fuc(a1-?)]GlcNAc(b1-2)Man(a1-6)][GlcNAc(b1-4)]Man(b1-4)GlcNAc(b1-4)[Fuc(a1-6)]GlcNAc
56a, Man(a1-3)[Man(a1-6)][GlcNAc(b1-4)]Man(b1-4)GlcNAc(b1-4)[Fuc(a1-6)]GlcNAc
31c, Gal(b1-4)GlcNAc(b1-2)Man(a1-3)[Man(a1-3)[Man(a1-6)]Man(a1-6)][GlcNAc(b1-4)]Man(b1-4)GlcNAc(b1-4)GlcNAc
20a, Gal(b1-4)GlcNAc(b1-2)Man(a1-3)[Man(a1-3)Man(a1-6)][GlcNAc(b1-4)]Man(b1-4)GlcNAc(b1-4)GlcNAc
4, Man(a1-3)[GlcNAc(b1-2)Man(a1-6)][GlcNAc(b1-4)]Man(b1-4)GlcNAc(b1-4)[Fuc(a1-6)]GlcNAc
38, NeuAc(a1-6)Gal(b1-4)GlcNAc(b1-2)Man(a1-3)[GlcNAc(b1-2)Man(a1-6)][GlcNAc(b1-4)]Man(b1-4)GlcNAc(b1-4)[Fuc(a1-6)]GlcNAc
46, NeuAc(a1-6)Gal(b1-4)GlcNAc(b1-2)Man(a1-3)[Gal(b1-4)GlcNAc(b1-2)Man(a1-6)][GlcNAc(b1-4)]Man(b1-4)GlcNAc(b1-4)[Fuc(a1-6)]GlcNAc
57, NeuAc(a1-6)Gal(b1-4)GlcNAc(b1-2)Man(a1-3)[NeuAc(a1-6)Gal(b1-4)GlcNAc(b1-2)Man(a1-6)][GlcNAc(b1-4)]Man(b1-4)GlcNAc(b1-4)[Fuc(a1-6)]GlcNAc
52, NeuAc(a1-6)Gal(b1-4)GlcNAc(b1-2)Man(a1-3)[Gal(b1-4)[Fuc(a1-?)]GlcNAc(b1-2)Man(a1-6)][GlcNAc(b1-4)]Man(b1-4)GlcNAc(b1-4)[Fuc(a1-6)]GlcNAc
32a, GlcNAc(b1-2)Man(a1-3)[Gal(b1-4)[Fuc(a1-?)]GlcNAc(b1-2)Man(a1-6)][GlcNAc(b1-4)]Man(b1-4)GlcNAc(b1-4)[Fuc(a1-6)]GlcNAc
59, NeuAc(a1-6)GlcNAc(b1-2)Gal(b1-4)GlcNAc(b1-2)Man(a1-3)[Gal(b1-4)[Fuc(a1-?)]GlcNAc(b1-2)Man(a1-6)][GlcNAc(b1-4)]Man(b1-4)GlcNAc(b1-4)[Fuc(a1-6)]GlcNAc
50, Gal(b1-4)GlcNAc(b1-2)[Gal(b1-4)GlcNAc(b1-6)]Man(a1-3)[Gal(b1-4)GlcNAc(b1-2)Man(a1-6)][GlcNAc(b1-4)]Man(b1-4)GlcNAc(b1-4)[Fuc(a1-6)]GlcNAc
11a, GlcNAc(b1-2)Man(a1-3)[Gal(b1-4)GlcNAc(b1-2)Man(a1-6)]Man(b1-4)GlcNAc(b1-4)[Fuc(a1-6)]GlcNAc
11b, Gal(b1-4)GlcNAc(b1-2)Man(a1-3)[GlcNAc(b1-2)Man(a1-6)]Man(b1-4)GlcNAc(b1-4)[Fuc(a1-6)]GlcNAc
12, Gal(b1-4)GlcNAc(b1-2)Man(a1-3)[Gal(b1-4)GlcNAc(b1-2)Man(a1-6)]Man(b1-4)GlcNAc(b1-4)GlcNAc
20b, Gal(b1-4)GlcNAc(b1-2)Man(a1-3)[Gal(b1-4)GlcNAc(b1-2)Man(a1-6)]Man(b1-4)GlcNAc(b1-4)[Fuc(a1-6)]GlcNAc
19, NeuAc(a1-6)Gal(b1-4)GlcNAc(b1-2)Man(a1-3)[GlcNAc(b1-2)Man(a1-6)]Man(b1-4)GlcNAc(b1-4)GlcNAc
29a, NeuAc(a1-6)Gal(b1-4)GlcNAc(b1-2)Man(a1-3)[GlcNAc(b1-2)Man(a1-6)]Man(b1-4)GlcNAc(b1-4)[Fuc(a1-6)]GlcNAc
29b, NeuAc(a1-3)Gal(b1-4)GlcNAc(b1-2)Man(a1-3)[GlcNAc(b1-2)Man(a1-6)]Man(b1-4)GlcNAc(b1-4)[Fuc(a1-6)]GlcNAc
30a, NeuAc(a1-6)Gal(b1-4)GlcNAc(b1-2)Man(a1-3)[Gal(b1-4)GlcNAc(b1-2)Man(a1-6)]Man(b1-4)GlcNAc(b1-4)GlcNAc
30b, NeuAc(a1-3)Gal(b1-4)GlcNAc(b1-2)Man(a1-3)[Gal(b1-4)GlcNAc(b1-2)Man(a1-6)]Man(b1-4)GlcNAc(b1-4)GlcNAc
36c, NeuAc(a1-3)Gal(b1-4)GlcNAc(b1-2)Man(a1-3)[Gal(b1-4)GlcNAc(b1-2)Man(a1-6)]Man(b1-4)GlcNAc(b1-4)[Fuc(a1-6)]GlcNAc
36b, NeuAc(a1-6)Gal(b1-4)GlcNAc(b1-2)Man(a1-3)[Gal(b1-4)GlcNAc(b1-2)Man(a1-6)]Man(b1-4)GlcNAc(b1-4)[Fuc(a1-6)]GlcNAc
51a, NeuAc(a1-6)Gal(b1-4)GlcNAc(b1-2)Man(a1-3)[NeuAc(a1-6)Gal(b1-4)GlcNAc(b1-2)Man(a1-6)]Man(b1-4)GlcNAc(b1-4)[Fuc(a1-6)]GlcNAc
51b.1, NeuAc(a1-6)Gal(b1-4)GlcNAc(b1-2)Man(a1-3)[NeuAc(a1-3)Gal(b1-4)GlcNAc(b1-2)Man(a1-6)]Man(b1-4)GlcNAc(b1-4)[Fuc(a1-6)]GlcNAc
51b.2, NeuAc(a1-3)Gal(b1-4)GlcNAc(b1-2)Man(a1-3)[NeuAc(a1-6)Gal(b1-4)GlcNAc(b1-2)Man(a1-6)]Man(b1-4)GlcNAc(b1-4)[Fuc(a1-6)]GlcNAc
51c, NeuAc(a1-3)Gal(b1-4)GlcNAc(b1-2)Man(a1-3)[NeuAc(a1-3)Gal(b1-4)GlcNAc(b1-2)Man(a1-6)]Man(b1-4)GlcNAc(b1-4)[Fuc(a1-6)]GlcNAc
43b, NeuAc(a1-3)Gal(b1-4)GlcNAc(b1-2)Man(a1-3)[NeuAc(a1-6)Gal(b1-4)GlcNAc(b1-2)Man(a1-6)]Man(b1-4)GlcNAc(b1-4)GlcNAc
43a, NeuAc(a1-6)Gal(b1-4)GlcNAc(b1-2)Man(a1-3)[NeuAc(a1-6)Gal(b1-4)GlcNAc(b1-2)Man(a1-6)]Man(b1-4)GlcNAc(b1-4)GlcNAc
41a, Gal(b1-4)GlcNAc(b1-2)Gal(b1-4)GlcNAc(b1-2)Man(a1-3)[Gal(b1-4)GlcNAc(b1-2)Man(a1-6)]Man(b1-4)GlcNAc(b1-4)[Fuc(a1-6)]GlcNAc
55a, Gal(b1-4)GlcNAc(b1-2)Gal(b1-4)GlcNAc(b1-2)Gal(b1-4)GlcNAc(b1-2)Man(a1-3)[Gal(b1-4)GlcNAc(b1-2)Man(a1-6)]Man(b1-4)GlcNAc(b1-4)[Fuc(a1-6)]GlcNAc
48, Gal(b1-4)GlcNAc(b1-2)Gal(b1-4)GlcNAc(b1-2)Man(a1-3)[NeuAc(a1-6)Gal(b1-4)GlcNAc(b1-2)Man(a1-6)]Man(b1-4)GlcNAc(b1-4)GlcNAc
60, NeuAc(a1-?)Gal(b1-4)GlcNAc(b1-2)Gal(b1-4)GlcNAc(b1-2)Man(a1-3)[NeuAc(a1-?)Gal(b1-4)GlcNAc(b1-2)Man(a1-6)]Man(b1-4)GlcNAc(b1-4)[Fuc(a1-6)]GlcNAc
58, NeuAc(a1-6)Gal(b1-4)GlcNAc(b1-2)Gal(b1-4)GlcNAc(b1-2)Man(a1-3)[Gal(b1-4)[Fuc(a1-?)]GlcNAc(b1-2)Man(a1-6)]Man(b1-4)GlcNAc(b1-4)[Fuc(a1-6)]GlcNAc
36a, NeuAc(a1-6)Gal(b1-4)GlcNAc(b1-2)Man(a1-3)[Gal(b1-4)[Fuc(a1-?)]GlcNAc(b1-2)Man(a1-6)]Man(b1-4)GlcNAc(b1-4)GlcNAc
44b, Gal(b1-4)[Fuc(a1-?)]GlcNAc(b1-2)Man(a1-3)[NeuAc(a1-3)Gal(b1-4)GlcNAc(b1-2)Man(a1-6)]Man(b1-4)GlcNAc(b1-4)[Fuc(a1-6)]GlcNAc
44a, Gal(b1-4)[Fuc(a1-?)]GlcNAc(b1-2)Man(a1-3)[NeuAc(a1-6)Gal(b1-4)GlcNAc(b1-2)Man(a1-6)]Man(b1-4)GlcNAc(b1-4)[Fuc(a1-6)]GlcNAc
53a, NeuAc(a1-6)Gal(b1-4)GlcNAc(b1-2)Gal(b1-4)GlcNAc(b1-2)Man(a1-3)[Gal(b1-4)GlcNAc(b1-2)Man(a1-6)]Man(b1-4)GlcNAc(b1-4)[Fuc(a1-6)]GlcNAc
53d, NeuAc(a1-3)Gal(b1-4)GlcNAc(b1-2)Gal(b1-4)GlcNAc(b1-2)Man(a1-3)[Gal(b1-4)GlcNAc(b1-2)Man(a1-6)]Man(b1-4)GlcNAc(b1-4)[Fuc(a1-6)]GlcNAc
61, NeuAc(a1-6)Gal(b1-4)[Fuc(a1-?)]GlcNAc(b1-2)Gal(b1-4)[Fuc(a1-?)]GlcNAc(b1-2)Man(a1-3)[Gal(b1-4)GlcNAc(b1-2)Man(a1-6)]Man(b1-4)GlcNAc(b1-4)[Fuc(a1-6)]GlcNAc
32b, Gal(b1-4)GlcNAc(b1-2)Man(a1-3)[HexNAc(b1-?)[Fuc(a1-?)]GlcNAc(b1-2)Man(a1-6)]Man(b1-4)GlcNAc(b1-4)[Fuc(a1-6)]GlcNAc
32c, HexNAc(b1-?)[Fuc(a1-?)]GlcNAc(b1-2)Man(a1-3)[Gal(b1-4)GlcNAc(b1-2)Man(a1-6)]Man(b1-4)GlcNAc(b1-4)[Fuc(a1-6)]GlcNAc
42, HexNAc(b1-?)[Fuc(a1-?)]GlcNAc(b1-2)Man(a1-3)[HexNAc(b1-?)[Fuc(a1-?)]GlcNAc(b1-2)Man(a1-6)]Man(b1-4)GlcNAc(b1-4)[Fuc(a1-6)]GlcNAc
45, HexNAc(b1-?)[Fuc(a1-?)]GlcNAc(b1-2)Man(a1-3)[NeuAc(a1-6)Gal(b1-4)GlcNAc(b1-2)Man(a1-6)]Man(b1-4)GlcNAc(b1-4)[Fuc(a1-6)]GlcNAc
41b, Gal(b1-4)GlcNAc(b1-2)[Gal(b1-4)GlcNAc(b1-6)]Man(a1-3)[Gal(b1-4)GlcNAc(b1-2)Man(a1-6)]Man(b1-4)GlcNAc(b1-4)[Fuc(a1-6)]GlcNAc
53b, Gal(b1-4)GlcNAc(b1-2)[NeuAc(a1-6)Gal(b1-4)GlcNAc(b1-6)]Man(a1-3)[Gal(b1-4)GlcNAc(b1-2)Man(a1-6)]Man(b1-4)GlcNAc(b1-4)[Fuc(a1-6)]GlcNAc
49, NeuAc(a1-6)Gal(b1-4)GlcNAc(b1-2)Man(a1-3)[HexNAc(b1-?)GlcNAc(b1-2)[GlcNAc(b1-4)]Man(a1-6)]Man(b1-4)GlcNAc(b1-4)[Fuc(a1-6)]GlcNAc
25, GlcNAc(b1-2)[GlcNAc(b1-6)]Man(a1-3)[GlcNAc(b1-2)[GlcNAc(b1-4)]Man(a1-6)]Man(b1-4)GlcNAc(b1-4)[Fuc(a1-6)]GlcNAc
