1,GN(b4)[F(a6)]GN(;)Asn
2, M(b4)GN(b4)GN(;)Asn
3, M(a2)M(a3)[M(a6)[M(a3)]M(a6)]M(b4)GN(b4)GN(;)Asn
4, M(a3)[GN(b2)M(a6)][GN(b4)]M(b4)GN(b4)[F(a6)]GN(;)Asn
5, M(b4)GN(b4)[F(a6)]GN(;)Asn
6.1, M(a3)M(b4)GN(b4)GN(;)Asn
6.2, M(a6)M(b4)GN(b4)GN(;)Asn
7, GN(b2)M(a3)[GN(b2)M(a6)][GN(b4)]M(b4)GN(b4)GN(;)Asn
9, NN(a6)Gal(b4)GN(b2)M(a3)[M(a6)]M(b4)GN(b4)GN(;)Asn
10, Gal(b4)GN(b2)M(a3)[M(a6)[M(a3)]M(a6)]M(b4)GN(b4)GN(;)Asn
12, Gal(b4)GN(b2)M(a3)[Gal(b4)GN(b2)M(a6)]M(b4)GN(b4)GN(;)Asn
13, GN(b2)M(a3)[GN(b2)M(a6)][GN(b4)]M(b4)GN(b4)[F(a6)]GN(;)Asn
14, GN(b2)M(a3)[Gal(b4)GN(b2)M(a6)][GN(b4)]M(b4)GN(b4)GN(;)Asn
15, M(a3)[NN(a6)Gal(b4)GN(b2)M(a6)]M(b4)GN(b4)GN(;)Asn
18, Gal(b4)[F(a)]GN(b2)M(a3)[M(a6)[M(a3)]M(a6)]M(b4)GN(b4)GN(;)Asn
19, NN(a6)Gal(b4)GN(b2)M(a3)[GN(b2)M(a6)]M(b4)GN(b4)GN(;)Asn
21.1, M(a3)M(b4)GN(b4)[F(a6)]GN(;)Asn
21.2, M(a6)M(b4)GN(b4)[F(a6)]GN(;)Asn
22, M(a3)[M(a6)]M(b4)GN(b4)GN(;)Asn
23, GN(b2)M(a3)[Gal(b4)GN(b2)M(a6)][GN(b4)]M(b4)GN(b4)[F(a6)]GN(;)Asn
24, Gal(b4)GN(b2)M(a3)[Gal(b4)GN(b2)M(a6)][GN(b4)]M(b4)GN(b4)GN(;)Asn
25, GN(b2)[GN(b6)]M(a3)[GN(b2)[GN(b4)]M(a6)]M(b4)GN(b4)[F(a6)]GN(;)Asn
27, M(a2)M(a2)M(a3)[M(a2)M(a6)[M(a2)M(a3)]M(a6)]M(b4)GN(b4)GN(;)Asn
34, NN(a6)Gal(b4)GN(b2)M(a3)[M(a6)[M(a3)]M(a6)]M(b4)GN(b4)[F(a6)]GN(;)Asn
35, GN(a2)M(a2)M(a2)M(a3)[M(a2)M(a6)[M(a2)M(a3)]M(a6)]M(b4)GN(b4)GN(;)Asn
37, M(a3)[M(a6)]M(b4)GN(b4)[F(a6)]GN(;)Asn
38, NN(a6)Gal(b4)GN(b2)M(a3)[GN(b2)M(a6)][GN(b4)]M(b4)GN(b4)[F(a6)]GN(;)Asn
42, HxN(b)[F(a)]GN(b2)M(a3)[HxN(b)[F(a)]GN(b2)M(a6)]M(b4)GN(b4)[F(a6)]GN(;)Asn
45, HxN(b)[F(a)]GN(b2)M(a3)[NN(a6)Gal(b4)GN(b2)M(a6)]M(b4)GN(b4)[F(a6)]GN(;)Asn
46, NN(a6)Gal(b4)GN(b2)M(a3)[Gal(b4)GN(b2)M(a6)][GN(b4)]M(b4)GN(b4)[F(a6)]GN(;)Asn
47, Gal(b4)[F(a)]GN(b2)M(a3)[Gal(b4)[F(a)]GN(b2)M(a6)][GN(b4)]M(b4)GN(b4)[F(a6)]GN(;)Asn
48, Gal(b4)GN(b2)Gal(b4)GN(b2)M(a3)[NN(a6)Gal(b4)GN(b2)M(a6)]M(b4)GN(b4)GN(;)Asn
49, NN(a6)Gal(b4)GN(b2)M(a3)[HxN(b)GN(b2)[GN(b4)]M(a6)]M(b4)GN(b4)[F(a6)]GN(;)Asn
50, Gal(b4)GN(b2)[Gal(b4)GN(b6)]M(a3)[Gal(b4)GN(b2)M(a6)][GN(b4)]M(b4)GN(b4)[F(a6)]GN(;)Asn
52, NN(a6)Gal(b4)GN(b2)M(a3)[Gal(b4)[F(a)]GN(b2)M(a6)][GN(b4)]M(b4)GN(b4)[F(a6)]GN(;)Asn
57, NN(a6)Gal(b4)GN(b2)M(a3)[NN(a6)Gal(b4)GN(b2)M(a6)][GN(b4)]M(b4)GN(b4)[F(a6)]GN(;)Asn
58, NN(a6)Gal(b4)GN(b2)Gal(b4)GN(b2)M(a3)[Gal(b4)[F(a)]GN(b2)M(a6)]M(b4)GN(b4)[F(a6)]GN(;)Asn
59, NN(a6)GN(b2)Gal(b4)GN(b2)M(a3)[Gal(b4)[F(a)]GN(b2)M(a6)][GN(b4)]M(b4)GN(b4)[F(a6)]GN(;)Asn
60, NN(a)Gal(b4)GN(b2)Gal(b4)GN(b2)M(a3)[NN(a)Gal(b4)GN(b2)M(a6)]M(b4)GN(b4)[F(a6)]GN(;)Asn
61, NN(a6)Gal(b4)[F(a)]GN(b2)Gal(b4)[F(a)]GN(b2)M(a3)[Gal(b4)GN(b2)M(a6)]M(b4)GN(b4)[F(a6)]GN(;)Asn
 11a, GN(b2)M(a3)[Gal(b4)GN(b2)M(a6)]M(b4)GN(b4)[F(a6)]GN(;)Asn
 11b, Gal(b4)GN(b2)M(a3)[GN(b2)M(a6)]M(b4)GN(b4)[F(a6)]GN(;)Asn
 16a.1, M(a2)M(a2)M(a3)[M(a6)[M(a2)M(a3)]M(a6)]M(b4)GN(b4)GN(;)Asn
 16a.2, M(a2)M(a2)M(a3)[M(a2)M(a6)[M(a3)]M(a6)]M(b4)GN(b4)GN(;)Asn
 16b, M(a2)M(a3)[M(a2)M(a6)[M(a2)M(a3)]M(a6)]M(b4)GN(b4)GN(;)Asn
 17a.1, NN(a6)Gal(b4)GN(b2)M(a3)[M(a6)M(a6)]M(b4)GN(b4)GN(;)Asn
 17a.2, NN(a6)Gal(b4)GN(b2)M(a3)[M(a3)M(a6)]M(b4)GN(b4)GN(;)Asn
 17b, NN(a3)Gal(b4)GN(b2)M(a3)[M(a6)M(a6)]M(b4)GN(b4)GN(;)Asn
 20a, Gal(b4)GN(b2)M(a3)[M(a3)M(a6)][GN(b4)]M(b4)GN(b4)GN(;)Asn
 20b, Gal(b4)GN(b2)M(a3)[Gal(b4)GN(b2)M(a6)]M(b4)GN(b4)[F(a6)]GN(;)Asn
 26a, NN(a6)Gal(b4)GN(b2)M(a3)[M(a6)M(a6)]M(b4)GN(b4)[F(a6)]GN(;)Asn
 26b, NN(a3)Gal(b4)GN(b2)M(a3)[M(a6)M(a6)]M(b4)GN(b4)[F(a6)]GN(;)Asn
 28a, NN(a6)Gal(b4)GN(b2)M(a3)[M(a6)[M(a3)]M(a6)]M(b4)GN(b4)GN(;)Asn
 28b, NN(a3)Gal(b4)GN(b2)M(a3)[M(a6)[M(a3)]M(a6)]M(b4)GN(b4)GN(;)Asn
 29a, NN(a6)Gal(b4)GN(b2)M(a3)[GN(b2)M(a6)]M(b4)GN(b4)[F(a6)]GN(;)Asn
 29b, NN(a3)Gal(b4)GN(b2)M(a3)[GN(b2)M(a6)]M(b4)GN(b4)[F(a6)]GN(;)Asn
 30a, NN(a6)Gal(b4)GN(b2)M(a3)[Gal(b4)GN(b2)M(a6)]M(b4)GN(b4)GN(;)Asn
 30b, NN(a3)Gal(b4)GN(b2)M(a3)[Gal(b4)GN(b2)M(a6)]M(b4)GN(b4)GN(;)Asn
 31a, Gal(b4)[F(a)]GN(b2)M(a3)[M(a2)M(a3)M(a6)][GN(b4)]M(b4)GN(b4)GN(;)Asn
 31b, Gal(b4)[F(a)]GN(b2)M(a3)[M(a3)[M(a6)]M(a6)][GN(b4)]M(b4)GN(b4)GN(;)Asn
 31c, Gal(b4)GN(b2)M(a3)[M(a3)[M(a6)]M(a6)][GN(b4)]M(b4)GN(b4)GN(;)Asn
 32a, GN(b2)M(a3)[Gal(b4)[F(a)]GN(b2)M(a6)][GN(b4)]M(b4)GN(b4)[F(a6)]GN(;)Asn
 32b, Gal(b4)GN(b2)M(a3)[HxN(b)[F(a)]GN(b2)M(a6)]M(b4)GN(b4)[F(a6)]GN(;)Asn
 32c, HxN(b)[F(a)]GN(b2)M(a3)[Gal(b4)GN(b2)M(a6)]M(b4)GN(b4)[F(a6)]GN(;)Asn
 33a, Gal(b4)[F(a)]GN(b2)M(a3)[Gal(b4)GN(b2)M(a6)][GN(b4)]M(b4)GN(b4)GN(;)Asn
 33b, Gal(b4)GN(b2)M(a3)[Gal(b4)GN(b2)M(a6)][GN(b4)]M(b4)GN(b4)[F(a6)]GN(;)Asn
 36a, NN(a6)Gal(b4)GN(b2)M(a3)[Gal(b4)[F(a)]GN(b2)M(a6)]M(b4)GN(b4)GN(;)Asn
 36b, NN(a6)Gal(b4)GN(b2)M(a3)[Gal(b4)GN(b2)M(a6)]M(b4)GN(b4)[F(a6)]GN(;)Asn
 36c, NN(a3)Gal(b4)GN(b2)M(a3)[Gal(b4)GN(b2)M(a6)]M(b4)GN(b4)[F(a6)]GN(;)Asn
 39a, Gal(b4)[F(a)]GN(b2)M(a3)[Gal(b4)[F(a)]GN(b2)M(a6)][GN(b4)]M(b4)GN(b4)GN(;)Asn
 39b, Gal(b4)[F(a)]GN(b2)M(a3)[Gal(b4)GN(b2)M(a6)][GN(b4)]M(b4)GN(b4)[F(a6)]GN(;)Asn
 40a, M(a2)M(a3)[M(a6)]M(b4)GN(b4)GN(;)Asn
 40b.1, M(a3)[M(a3)M(a6)]M(b4)GN(b4)GN(;)Asn
 40b.2, M(a3)[M(a6)M(a6)]M(b4)GN(b4)GN(;)Asn
 40c.1, M(a3)[M(a3)M(a6)]M(b4)GN(b4)GN(;)Asn
 40c.2, M(a3)[M(a6)M(a6)]M(b4)GN(b4)GN(;)Asn
 41a, Gal(b4)GN(b2)Gal(b4)GN(b2)M(a3)[Gal(b4)GN(b2)M(a6)]M(b4)GN(b4)[F(a6)]GN(;)Asn
 41b, Gal(b4)GN(b2)[Gal(b4)GN(b6)]M(a3)[Gal(b4)GN(b2)M(a6)]M(b4)GN(b4)[F(a6)]GN(;)Asn
 43a, NN(a6)Gal(b4)GN(b2)M(a3)[NN(a6)Gal(b4)GN(b2)M(a6)]M(b4)GN(b4)GN(;)Asn
 43b, NN(a3)Gal(b4)GN(b2)M(a3)[NN(a6)Gal(b4)GN(b2)M(a6)]M(b4)GN(b4)GN(;)Asn
 44a, Gal(b4)[F(a)]GN(b2)M(a3)[NN(a6)Gal(b4)GN(b2)M(a6)]M(b4)GN(b4)[F(a6)]GN(;)Asn
 44b, Gal(b4)[F(a)]GN(b2)M(a3)[NN(a3)Gal(b4)GN(b2)M(a6)]M(b4)GN(b4)[F(a6)]GN(;)Asn
 51a, NN(a6)Gal(b4)GN(b2)M(a3)[NN(a6)Gal(b4)GN(b2)M(a6)]M(b4)GN(b4)[F(a6)]GN(;)Asn
 51b.1, NN(a6)Gal(b4)GN(b2)M(a3)[NN(a3)Gal(b4)GN(b2)M(a6)]M(b4)GN(b4)[F(a6)]GN(;)Asn
 51b.2, NN(a3)Gal(b4)GN(b2)M(a3)[NN(a6)Gal(b4)GN(b2)M(a6)]M(b4)GN(b4)[F(a6)]GN(;)Asn
 51c, NN(a3)Gal(b4)GN(b2)M(a3)[NN(a3)Gal(b4)GN(b2)M(a6)]M(b4)GN(b4)[F(a6)]GN(;)Asn
 53a, NN(a6)Gal(b4)GN(b2)Gal(b4)GN(b2)M(a3)[Gal(b4)GN(b2)M(a6)]M(b4)GN(b4)[F(a6)]GN(;)Asn
 53b, Gal(b4)GN(b2)[NN(a6)Gal(b4)GN(b6)]M(a3)[Gal(b4)GN(b2)M(a6)]M(b4)GN(b4)[F(a6)]GN(;)Asn
 53d, NN(a3)Gal(b4)GN(b2)Gal(b4)GN(b2)M(a3)[Gal(b4)GN(b2)M(a6)]M(b4)GN(b4)[F(a6)]GN(;)Asn
 54a.1, M(a2)M(a3)[M(a3)M(a6)]M(b4)GN(b4)GN(;)Asn
 54a.2, M(a2)M(a3)[M(a6)M(a6)]M(b4)GN(b4)GN(;)Asn
 54b.1, M(a2)M(a3)[M(a3)M(a6)]M(b4)GN(b4)GN(;)Asn
 54b.2, M(a2)M(a3)[M(a6)M(a6)]M(b4)GN(b4)GN(;)Asn
 54c, M(a3)[M(a6)[M(a3)]M(a6)]M(b4)GN(b4)GN(;)Asn
 55a, Gal(b4)GN(b2)Gal(b4)GN(b2)Gal(b4)GN(b2)M(a3)[Gal(b4)GN(b2)M(a6)]M(b4)GN(b4)[F(a6)]GN(;)Asn
 56a, M(a3)[M(a6)][GN(b4)]M(b4)GN(b4)[F(a6)]GN(;)Asn
 56b, M(a3)[GN(b2)M(a6)]M(b4)GN(b4)[F(a6)]GN(;)Asn
 8a.1, M(a2)M(a3)[M(a6)[M(a2)M(a3)]M(a6)]M(b4)GN(b4)GN(;)Asn
 8a.2, M(a2)M(a3)[M(a2)M(a6)[M(a3)]M(a6)]M(b4)GN(b4)GN(;)Asn
 8b, M(a3)[M(a2)M(a6)[M(a2)M(a3)]M(a6)]M(b4)GN(b4)GN(;)Asn
